Trajectories,,,,,,,,,,,,,,,,,,,
100,,,,,,,,,,,,,,,,,,,
,,Teniska_loptica:Sfera1,,,Teniska_loptica:Sfera2,,,Teniska_loptica:Sfera3,,,Teniska_loptica:Sfera4,,,Teniska_loptica:Sfera5,,,Teniska_loptica:Sfera6,,
Frame,Sub Frame,X,Y,Z,X,Y,Z,X,Y,Z,X,Y,Z,X,Y,Z,X,Y,Z
,,mm,mm,mm,mm,mm,mm,mm,mm,mm,mm,mm,mm,mm,mm,mm,mm,mm,mm
1,,,,,,,,,,,,,,,,,,,
2,,,,,,,,,,,,,,,,,,,
3,,,,,,,,,,,,,,,,,,,
4,,,,,,,,,,,,,,,,,,,
5,,,,,,,,,,,,,,,,,,,
6,,,,,,,,,,,,,,,,,,,
7,,,,,,,,,,,,,,,,,,,
8,,,,,,,,,,,,,,,,,,,
9,,,,,,,,,,,,,,,,,,,
10,,,,,,,,,,,,,,,,,,,
11,,,,,,,,,,,,,,,,,,,
12,,,,,,,,,,,,,,,,,,,
13,,,,,,,,,,,,,,,,,,,
14,,,,,,,,,,,,,,,,,,,
15,,,,,,,,,,,,,,,,,,,
16,,,,,,,,,,,,,,,,,,,
17,,,,,,,,,,,,,,,,,,,
18,,,,,,,,,,,,,,,,,,,
19,,,,,,,,,,,,,,,,,,,
20,,,,,,,,,,,,,,,,,,,
21,,,,,,,,,,,,,,,,,,,
22,,,,,,,,,,,,,,,,,,,
23,,,,,,,,,,,,,,,,,,,
24,,,,,,,,,,,,,,,,,,,
25,,,,,,,,,,,,,,,,,,,
26,,,,,,,,,,,,,,,,,,,
27,,,,,,,,,,,,,,,,,,,
28,,,,,,,,,,,,,,,,,,,
29,,,,,,,,,,,,,,,,,,,
30,,,,,,,,,,,,,,,,,,,
31,,,,,,,,,,,,,,,,,,,
32,,,,,,,,,,,,,,,,,,,
33,,,,,,,,,,,,,,,,,,,
34,,,,,,,,,,,,,,,,,,,
35,,,,,,,,,,,,,,,,,,,
36,,,,,,,,,,,,,,,,,,,
37,,,,,,,,,,,,,,,,,,,
38,,,,,,,,,,,,,,,,,,,
39,,,,,,,,,,,,,,,,,,,
40,,,,,,,,,,,,,,,,,,,
41,,,,,,,,,,,,,,,,,,,
42,,,,,,,,,,,,,,,,,,,
43,,,,,,,,,,,,,,,,,,,
44,,,,,,,,,,,,,,,,,,,
45,,,,,,,,,,,,,,,,,,,
46,,,,,,,,,,,,,,,,,,,
47,,,,,,,,,,,,,,,,,,,
48,,,,,,,,,,,,,,,,,,,
49,,,,,,,,,,,,,,,,,,,
50,,,,,,,,,,,,,,,,,,,
51,,,,,,,,,,,,,,,,,,,
52,,,,,,,,,,,,,,,,,,,
53,,,,,,,,,,,,,,,,,,,
54,,,,,,,,,,,,,,,,,,,
55,,,,,,,,,,,,,,,,,,,
56,,,,,,,,,,,,,,,,,,,
57,,,,,,,,,,,,,,,,,,,
58,,,,,,,,,,,,,,,,,,,
59,,,,,,,,,,,,,,,,,,,
60,,,,,,,,,,,,,,,,,,,
61,,,,,,,,,,,,,,,,,,,
62,,,,,,,,,,,,,,,,,,,
63,,,,,,,,,,,,,,,,,,,
64,,,,,,,,,,,,,,,,,,,
65,,,,,,,,,,,,,,,,,,,
66,,,,,,,,,,,,,,,,,,,
67,,,,,,,,,,,,,,,,,,,
68,,,,,,,,,,,,,,,,,,,
69,,,,,,,,,,,,,,,,,,,
70,,,,,,,,,,,,,,,,,,,
71,,,,,,,,,,,,,,,,,,,
72,,,,,,,,,,,,,,,,,,,
73,,,,,,,,,,,,,,,,,,,
74,,,,,,,,,,,,,,,,,,,
75,,,,,,,,,,,,,,,,,,,
76,,,,,,,,,,,,,,,,,,,
77,,,,,,,,,,,,,,,,,,,
78,,,,,,,,,,,,,,,,,,,
79,0,-505.324951,1374.132568,1140.329956,,,,,,,-452.68573,1363.188232,1076.394165,-462.331543,1332.369141,1119.924805,-453.920349,1383.921021,1123.701294
80,0,-494.660553,1371.099976,1145.83374,,,,,,,-440.921722,1365.939697,1079.677856,-450.175232,1333.888916,1121.303711,-442.392853,1386.690552,1127.241943
81,0,-480.253143,1373.881226,1147.712646,,,,,,,-429.73175,1369.587158,1081.906372,-437.893433,1335.402832,1122.843506,-429.521637,1388.971558,1129.797729
82,0,-466.995911,1374.261841,1150.455811,,,,,,,-417.984467,1373.102051,1084.241699,-425.522491,1336.754028,1124.24292,-416.818359,1387.300415,1134.197632
83,0,-454.006439,1374.497314,1153.734741,,,,-466.803589,1348.707886,1094.393066,-405.695099,1376.776001,1087.153687,-413.007141,1338.054077,1125.528809,-404.151917,1388.352295,1137.666748
84,0,-441.155182,1374.429565,1157.11792,,,,,,,-394.017944,1379.168701,1090.293945,-400.411102,1339.517944,1126.91626,-391.438965,1392.230957,1139.86853
85,0,-428.348785,1374.44751,1160.306763,,,,,,,-382.127106,1382.259644,1093.162109,-387.855988,1341.016113,1128.20105,-378.861237,1393.484619,1143.151855
86,0,-415.84549,1374.403809,1163.257813,-404.26593,1416.108765,1118.073364,,,,-369.949799,1385.435669,1096.596069,-375.281647,1342.581299,1129.636597,-366.708771,1394.410767,1146.493408
87,0,-403.637238,1374.360474,1166.005859,-392.148987,1418.748901,1122.210449,,,,-359.428284,1387.443359,1099.172607,-362.871796,1344.25061,1131.259766,-354.663086,1395.483032,1149.995972
88,0,-391.599823,1374.50708,1168.724487,-380.581482,1420.42981,1126.485596,,,,-347.288269,1390.592163,1102.336426,-350.432281,1345.961548,1133.145142,-342.656219,1397.089966,1153.66272
89,0,-379.690186,1374.63501,1171.319336,-369.24411,1421.916504,1130.585815,,,,-335.52179,1393.296753,1105.574219,-338.664276,1348.032349,1134.498413,-331.04834,1398.279785,1157.149658
90,0,-367.770508,1374.596069,1173.814331,-357.973724,1423.347168,1134.668823,,,,-323.830444,1395.999146,1108.727783,-326.425323,1349.736694,1136.167236,-319.630859,1399.381958,1160.541504
91,0,-355.689697,1374.554932,1176.221191,-346.73291,1424.713257,1138.769043,,,,-312.131775,1398.730469,1111.886108,-314.016327,1351.55542,1137.776367,-308.047211,1400.466064,1163.771484
92,0,-343.509033,1374.390381,1178.413086,-335.384827,1425.940308,1142.744141,,,,-300.419067,1401.420776,1114.90625,-301.483795,1353.365234,1139.212891,-296.34201,1401.456177,1166.823853
93,0,-331.224335,1374.129761,1180.403931,-323.886658,1426.986938,1146.628418,,,,-287.863434,1404.695679,1118.939819,-288.9646,1355.064819,1140.593506,-284.435059,1402.280273,1169.898804
94,0,-318.93573,1373.843384,1182.288574,-312.160065,1427.896973,1150.541382,,,,-276.228577,1406.405396,1121.72583,-276.412933,1356.685669,1141.880127,-272.461517,1402.858765,1172.981201
95,0,-306.414734,1373.639038,1184.452271,-300.250641,1428.728394,1154.534668,,,,-264.298584,1408.515503,1124.425171,-263.792206,1358.210205,1143.057007,-260.550842,1403.061768,1176.121338
96,0,-294.099426,1373.110962,1186.089233,-288.274597,1429.375977,1158.567505,,,,-252.121277,1410.679443,1127.646606,-251.204224,1359.663818,1144.40625,-248.327881,1403.317749,1179.137207
97,0,-281.88382,1372.604736,1187.869751,-276.2742,1429.894409,1162.646606,,,,-240.010727,1412.559937,1130.958618,-238.782745,1360.998657,1145.834961,-236.143661,1403.360962,1182.114868
98,0,-269.492004,1372.245239,1189.8396,-264.382599,1430.722534,1166.981201,,,,-228.041061,1414.266968,1134.305664,-226.310883,1362.344849,1147.553101,-223.904114,1403.47583,1185.106812
99,0,-257.135101,1372.0177,1191.924805,-252.032486,1431.733032,1171.326782,,,,-215.683945,1416.504761,1138.244507,-214.138123,1363.595703,1149.277954,-211.776657,1403.627441,1188.074829
100,0,-244.651855,1371.793213,1193.918213,-240.083664,1432.030518,1175.05835,,,,-203.804306,1418.091919,1141.459229,-201.873413,1364.926758,1151.104126,-199.523666,1403.854492,1190.932373
101,0,-232.000015,1371.532349,1195.911621,-228.117447,1432.275757,1178.676514,-238.315094,1380.967407,1140.492188,-191.952774,1419.579468,1144.514282,-189.434967,1366.270264,1152.547729,-187.223007,1404.082764,1193.53479
102,0,-219.203445,1371.114136,1197.617554,-216.102036,1432.202271,1182.057251,-230.699799,1387.311035,1139.690063,-180.022003,1420.937012,1147.403931,-176.773132,1367.484009,1153.969482,-174.800797,1404.129761,1195.937988
103,0,-206.256683,1370.463745,1199.267578,-203.968948,1431.859253,1185.243042,-213.718735,1382.424072,1144.373657,-167.984558,1421.971436,1150.134277,-164.18544,1368.426025,1155.338135,-162.317017,1403.974854,1198.148438
104,0,-193.323273,1369.605103,1200.798462,-191.589813,1431.257568,1188.199707,-201.522171,1383.270996,1145.993408,-155.736847,1422.501221,1152.71875,-151.468109,1368.906372,1156.648926,-149.665405,1403.387573,1200.248413
105,0,-180.61087,1368.546387,1202.3302,-178.902863,1430.374268,1191.051025,-192.522903,1388.22644,1145.576416,-143.171616,1422.423706,1155.280029,-138.78772,1368.808228,1157.921875,-136.962036,1402.298828,1202.334961
106,0,-167.999847,1367.240723,1203.841553,-165.873062,1429.536133,1194.231323,-179.706284,1388.017578,1147.526733,-130.257095,1421.763184,1157.890869,-126.500946,1367.960083,1159.412354,-124.038399,1400.546387,1204.466064
107,0,-155.792847,1365.957153,1205.687988,-152.407806,1428.181519,1197.212646,-167.149353,1387.801514,1149.668457,-117.305687,1420.78125,1161.055542,-114.460136,1366.837036,1161.055054,-111.168137,1398.297974,1206.787109
108,0,-144.024704,1364.507324,1207.74585,-139.028198,1427.142212,1200.982178,-154.822922,1387.696289,1152.258179,-104.066147,1419.155518,1163.89624,-102.815788,1365.360962,1163.036987,-98.479378,1395.714844,1209.430298
109,0,-132.721024,1363.22229,1210.351563,-125.747803,1425.784058,1204.748169,-142.912201,1387.507568,1155.324219,-91.186058,1417.398315,1167.398926,-91.533432,1363.654175,1165.659424,-86.119049,1392.918945,1212.427612
110,0,-121.871964,1361.828857,1213.470459,-112.94783,1424.328979,1208.844116,-131.425858,1387.146606,1158.758789,-78.708031,1415.441528,1171.230225,-80.664948,1361.930908,1168.686401,-74.303963,1390.103027,1215.801758
111,0,-111.371956,1360.368652,1216.893066,-100.838516,1422.768311,1213.044189,-120.301895,1386.420288,1162.393066,-66.8255,1413.484253,1175.253296,-70.074356,1360.314575,1172.324951,-63.067966,1387.372559,1219.470093
112,0,-101.43959,1358.957886,1220.463623,-89.589851,1421.147827,1217.230225,-109.589508,1385.723389,1166.259644,-55.582905,1411.58728,1179.554932,-60.489605,1358.029663,1175.77832,-52.591396,1385.005371,1223.539307
113,0,-92.074272,1357.603516,1224.150146,-79.204819,1419.633911,1221.355103,-99.302879,1384.573975,1169.852539,-45.01022,1409.697876,1183.914917,-50.423817,1356.424683,1179.932495,-42.807953,1382.785645,1227.735718
114,0,-83.195869,1356.153809,1227.805786,-69.51796,1418.134644,1225.173584,-89.343674,1383.174316,1173.418457,-34.928596,1407.672852,1188.110229,-40.976501,1354.479614,1184.196899,-33.626438,1380.811768,1232.047119
115,0,-74.669289,1354.685547,1231.444092,-60.326214,1416.47583,1228.718506,-79.728806,1381.334961,1176.609985,-25.280855,1405.463379,1192.170288,-32.040257,1352.063232,1188.173462,-24.937908,1378.815186,1236.266846
116,0,-66.439308,1353.214844,1235.028442,-51.367535,1414.688477,1231.97583,-70.469704,1379.398682,1179.81958,-15.958568,1403.00708,1195.984619,-23.173103,1349.817993,1192.372314,-16.51288,1376.666504,1240.292236
117,0,-58.591324,1351.614014,1238.508423,-42.47221,1412.793457,1235.070923,-61.523544,1377.457642,1183.138916,-6.774659,1400.109741,1199.575439,-15.07519,1346.75647,1196.17688,-8.384285,1374.188232,1244.131348
118,0,-51.088505,1349.836426,1242.013428,-33.535748,1410.562744,1238.043457,-52.769314,1374.850952,1185.913696,2.312362,1396.737549,1203.053833,-7.148482,1343.569458,1200.040771,-0.437706,1371.230835,1247.849976
119,0,-43.84457,1348.011597,1245.341797,-24.467283,1407.702148,1240.739624,-44.377701,1372.615234,1189.24585,11.289798,1392.855347,1206.51416,0.15225,1339.798462,1203.646973,7.32919,1367.680786,1251.397583
120,0,-37.282104,1344.985229,1248.432983,-15.500265,1404.780762,1243.925903,-36.284267,1370.029541,1192.478882,19.926996,1388.348022,1209.871582,7.087359,1335.727661,1207.227783,14.822694,1363.616333,1254.943726
121,0,-30.763508,1342.585815,1251.891357,-6.990497,1400.625,1246.610229,-28.309458,1366.838135,1195.589844,27.702486,1382.517456,1212.363159,13.620453,1331.390625,1210.776367,21.94622,1359.067871,1258.40918
122,0,-24.697258,1339.796997,1255.092285,1.414764,1396.860596,1249.873779,-21.018465,1363.885498,1198.896484,35.515537,1377.355347,1215.818359,19.548965,1326.929077,1214.485718,28.636856,1354.329224,1262.006104
123,0,-19.070032,1336.715698,1258.29126,9.16238,1393.181396,1253.476807,-14.258951,1360.777832,1202.299561,42.757442,1372.095093,1219.359619,24.964924,1322.234741,1217.891846,34.828266,1349.415039,1265.50769
124,0,-13.770676,1333.535889,1261.583984,16.360937,1389.014038,1256.950439,-7.882583,1357.218506,1205.467407,49.424698,1366.795166,1222.944214,30.0707,1317.790649,1221.563599,40.520233,1344.528564,1268.982788
125,0,-8.891953,1330.152954,1264.821655,22.93026,1384.433594,1260.182129,-2.132282,1353.227905,1208.331299,55.447506,1361.598511,1226.56189,34.655472,1312.855347,1224.733398,45.425556,1339.017456,1272.497437
126,0,-4.53109,1326.507813,1267.908203,29.1406,1380.612549,1264.206177,3.353524,1350.680176,1212.471191,59.513985,1361.534302,1234.70459,39.044041,1308.400757,1228.180176,50.031204,1333.968628,1276.004883
127,0,-0.547522,1322.635864,1270.738159,34.035149,1375.348389,1267.173828,8.325895,1346.854126,1215.446045,65.903427,1351.304932,1233.772583,42.913265,1303.805786,1231.291504,54.126526,1328.834961,1279.345337
128,0,3.024762,1318.626099,1273.423462,38.742626,1370.664551,1270.595337,12.882648,1343.057983,1218.391357,70.434937,1346.160034,1237.299194,46.520329,1299.161499,1234.280518,57.792206,1323.626709,1282.608521
129,0,6.189945,1314.656982,1275.920288,43.037479,1365.911011,1273.843506,17.153099,1339.828003,1220.901978,74.566895,1341.054565,1240.680542,49.649002,1294.529541,1237.114136,61.038246,1318.518555,1285.740479
130,0,9.016362,1310.674316,1278.174561,46.90905,1361.13208,1276.937866,21.158819,1336.089233,1223.313599,78.31472,1335.930786,1243.970337,52.676121,1289.954834,1239.799683,63.798012,1313.36084,1288.689697
131,0,11.513775,1306.759155,1280.222778,50.525524,1356.398682,1279.755127,24.914869,1331.900513,1225.481812,82.062553,1331.280396,1247.579224,55.564934,1285.577393,1242.593018,66.265854,1308.306763,1291.39917
132,0,13.727604,1302.980957,1282.093872,53.93203,1351.668457,1282.328125,28.441,1327.766479,1227.457031,85.233925,1326.154053,1250.546631,57.643375,1280.693115,1244.614624,68.44445,1303.143921,1293.822876
133,0,15.768344,1299.242432,1283.703491,57.313343,1347.401001,1285.134033,31.687326,1323.687622,1229.188843,88.099808,1320.835327,1252.924194,59.268181,1276.040649,1246.438599,70.338722,1297.987183,1295.911255
134,0,17.696539,1295.709839,1285.217896,60.265141,1342.502319,1286.963257,34.582432,1319.674683,1230.849121,90.729256,1315.585693,1254.940063,60.985886,1271.319824,1248.085327,72.095924,1292.918701,1297.650635
135,0,19.440056,1292.399658,1286.579834,63.42017,1338.074219,1288.846436,37.251583,1315.793579,1232.115112,93.08783,1310.348999,1256.52356,62.054874,1266.626587,1249.198975,73.726532,1288.022461,1299.09314
136,0,20.984011,1289.246948,1287.620605,66.395325,1333.720459,1290.365356,39.028507,1312.914917,1234.206787,95.174187,1305.189941,1257.884644,63.260002,1262.3927,1250.440063,74.74234,1282.547729,1299.919556
137,0,22.23646,1286.0979,1288.607178,69.009735,1328.984009,1291.014771,41.159142,1309.550415,1235.073975,96.994995,1300.076172,1258.872803,63.385307,1257.783203,1250.914063,76.098206,1278.814819,1301.144897
138,0,23.179611,1283.811157,1289.192749,71.38015,1324.576294,1291.454102,42.897053,1306.341309,1235.706421,98.496544,1295.23938,1259.913818,63.430496,1253.058228,1251.078735,76.808609,1274.584229,1302.006714
139,0,24.031342,1281.847412,1289.726318,73.753357,1320.789673,1291.799194,44.391548,1303.13562,1236.008301,99.588867,1290.504883,1260.50293,61.70512,1250.043945,1252.095947,77.245537,1270.614014,1302.523315
140,0,24.619415,1280.141968,1290.190674,75.958809,1317.647095,1292.233032,45.531212,1300.416138,1236.324219,100.273911,1286.067017,1260.724731,61.545105,1245.504272,1252.440552,77.5457,1267.121216,1302.82959
141,0,25.023308,1278.616333,1290.411621,77.293625,1314.305786,1291.727051,46.299938,1297.549438,1236.060791,101.161957,1281.840088,1260.721313,60.42831,1244.49939,1252.287354,77.48526,1264.042236,1302.984741
142,0,25.145777,1277.230957,1290.314819,78.345566,1311.327271,1291.090576,46.680641,1295.27356,1235.919312,100.96254,1278.122559,1260.563843,59.212055,1241.777344,1252.268188,77.184601,1261.227661,1302.806763
143,0,24.953691,1275.852295,1289.836548,78.933144,1308.388062,1290.231323,46.814728,1292.956421,1235.21106,100.743164,1274.67749,1259.963867,57.87442,1239.123047,1251.981689,76.555954,1258.513794,1302.288818
144,0,24.420095,1274.524048,1289.034302,79.203552,1305.569946,1289.256836,46.610893,1291.081055,1234.448608,100.099289,1271.533325,1259.125122,56.213257,1236.893677,1251.030273,75.597641,1255.885498,1301.357422
145,0,23.670799,1273.244629,1287.794678,79.083855,1302.776733,1288.207397,46.257397,1289.304688,1233.035767,99.087059,1268.472778,1257.727295,54.536781,1235.055786,1249.572388,74.294426,1253.208496,1299.955566
146,0,22.592278,1272.203247,1286.221802,78.713791,1300.168823,1287.145508,45.873814,1288.947388,1232.415039,97.973778,1265.811768,1256.22937,52.670479,1233.698853,1247.653442,72.620506,1250.651367,1298.270386
147,0,21.31315,1271.487793,1284.34082,78.079926,1297.699707,1285.978638,44.238041,1291.709717,1233.527588,96.528259,1263.749878,1254.840332,50.389637,1233.123047,1245.322144,70.625824,1248.420898,1296.318115
148,0,19.872545,1271.285767,1282.350342,77.822937,1295.966431,1285.030884,44.503071,1288.414673,1229.307129,94.787003,1261.755371,1252.953369,47.931583,1232.827637,1242.714966,68.28923,1246.498169,1294.133057
149,0,18.341827,1271.574951,1280.457642,76.888718,1294.415771,1283.696655,42.736259,1291.568481,1230.229736,92.706367,1260.239014,1250.966919,45.092346,1233.044922,1240.038452,65.669151,1244.993408,1291.745361
150,0,16.473839,1272.563965,1278.521484,74.783546,1292.467529,1281.602295,41.759155,1291.633667,1228.278198,90.439896,1259.117554,1248.939453,41.87402,1233.894653,1237.579834,62.665993,1244.236206,1289.482544
151,0,14.54209,1274.175171,1276.710938,73.718666,1291.666992,1279.943481,42.674534,1291.042358,1225.11853,87.522835,1258.334717,1246.695801,38.08025,1235.226929,1235.267822,59.625523,1243.806274,1287.0448
152,0,12.59063,1276.631226,1275.150146,72.663994,1291.196777,1277.954224,38.367092,1294.898926,1225.208008,84.569771,1257.806763,1244.372681,33.744911,1237.012207,1233.294922,56.509518,1243.976196,1284.663086
153,0,10.628545,1279.854126,1273.760132,71.588524,1291.581055,1275.863281,36.540009,1296.97583,1223.386841,81.242676,1258.452881,1242.103394,29.333559,1239.639893,1231.379395,52.999992,1245.231812,1282.554932
154,0,8.509193,1283.389893,1272.145386,69.902153,1292.7229,1273.687012,34.618595,1299.612671,1221.471924,77.912132,1259.568481,1239.679932,24.995523,1243.206055,1229.267944,49.634426,1247.177979,1280.364258
155,0,6.261374,1287.452637,1270.203491,67.249458,1294.471069,1271.217285,32.617966,1302.755859,1219.351196,74.514572,1261.19751,1237.083008,20.394556,1245.168823,1227.391235,46.03717,1249.83667,1278.004028
156,0,3.730957,1292.1698,1268.084717,64.99736,1297.231201,1268.977783,30.611687,1306.440796,1217.019531,71.03717,1263.760864,1234.731567,16.817327,1250.227905,1225.307495,42.372555,1253.36377,1275.761841
157,0,1.084637,1297.367676,1265.833496,62.470303,1300.709473,1266.714233,28.521687,1310.670166,1214.730225,67.666122,1267.193848,1232.647827,13.107677,1255.44104,1223.203369,38.585815,1257.564697,1273.610107
158,0,-1.604109,1303.010254,1263.493774,59.866108,1304.740601,1264.416992,26.405489,1315.352905,1212.394653,63.981136,1271.183228,1230.449341,9.585185,1261.186768,1220.990356,34.792179,1262.29895,1271.313965
159,0,-4.158937,1308.95459,1261.214722,57.276527,1309.267578,1262.094727,24.284893,1320.417358,1210.139771,60.571472,1275.506592,1227.952759,6.153788,1267.159668,1218.737427,31.217569,1267.426758,1269.071045
160,0,-6.519985,1315.080688,1258.912109,54.883766,1314.067993,1259.564575,22.296871,1325.867188,1207.957275,57.117348,1280.124878,1225.333496,2.798385,1273.456665,1216.359741,27.93535,1272.830322,1266.672363
161,0,-8.73637,1321.445068,1256.589722,52.6768,1319.004761,1256.942627,20.470942,1331.729736,1205.812622,54.039684,1285.116943,1222.604736,-0.455638,1279.980835,1213.988647,24.859051,1278.408203,1264.062866
162,0,-10.306498,1328.003052,1254.124634,50.684879,1324.011475,1254.288086,18.738205,1337.847168,1203.819458,50.758785,1290.169067,1219.560913,-3.727854,1286.611206,1211.44043,22.074104,1284.096802,1261.24707
163,0,-12.130659,1334.68042,1251.763184,48.768372,1328.987305,1251.620239,17.098808,1344.182129,1201.65686,47.666172,1295.274048,1216.481934,-6.742609,1293.449463,1208.796509,19.119417,1289.817383,1258.407227
164,0,-13.968487,1341.437866,1249.247803,46.889282,1334.149658,1249.050171,15.66411,1351.057495,1199.378662,44.744236,1300.756714,1213.565186,-9.654292,1300.484253,1206.065674,16.11854,1295.788574,1255.574463
165,0,-16.062273,1348.217407,1246.585449,44.982391,1339.38501,1246.751587,,,,41.622898,1305.962524,1210.799805,-12.454057,1307.618286,1203.317749,13.019419,1301.855103,1252.797729
166,0,-18.146204,1355.275757,1244.207275,42.916103,1344.945068,1244.714478,,,,38.966026,1312.147339,1208.590576,-15.159606,1314.903931,1200.937622,9.813562,1308.239502,1250.292236
167,0,-20.150856,1362.295166,1242.126343,40.74789,1350.648438,1243.00415,,,,36.431675,1318.367798,1206.589844,-17.835085,1322.242554,1198.609131,6.717067,1314.638672,1248.03418
168,0,-22.206373,1369.067017,1240.605469,38.597565,1356.362061,1241.60437,,,,33.969116,1324.626831,1204.873657,-20.260792,1329.533691,1196.761841,3.832079,1320.981689,1246.138794
169,0,-23.809219,1375.801025,1239.890503,36.322582,1362.02063,1240.676392,,,,31.097572,1330.050903,1203.330688,-22.645374,1336.743164,1195.158081,1.194899,1327.079712,1244.564453
170,0,-25.391062,1381.977295,1239.5896,34.478127,1367.227295,1240.451538,,,,28.95068,1336.053101,1202.2771,-24.498743,1343.839355,1193.987549,-1.214957,1332.697998,1243.17395
171,0,-26.944731,1387.928345,1239.860596,32.932854,1372.178467,1240.709961,,,,27.260498,1341.765625,1201.845215,-26.116646,1350.667847,1193.420532,-3.61805,1338.089355,1242.469727
172,0,-28.403654,1393.683105,1240.608154,31.718962,1377.009521,1241.607178,,,,25.613031,1347.238525,1202.161255,-27.571552,1357.324585,1193.717896,-5.437338,1343.436646,1242.49353
173,0,-28.940638,1399.490356,1242.200073,30.881613,1381.880371,1243.017212,,,,24.312403,1352.491211,1203.238892,-28.692963,1363.47583,1194.807739,-7.236063,1348.659668,1243.527954
174,0,-29.392689,1405.173096,1244.46936,30.217003,1386.777832,1244.977783,,,,23.01375,1357.526123,1205.059082,-29.978556,1369.474365,1197.054565,-8.244574,1354.178101,1245.514771
175,0,-29.842241,1410.814331,1247.436523,29.653009,1391.746704,1247.58606,,,,21.737179,1362.309448,1207.653931,-31.075277,1375.070557,1200.004761,-9.256304,1359.486084,1248.304443
176,0,-30.347343,1416.213135,1250.798096,28.959267,1396.463867,1250.711548,,,,20.457947,1366.986328,1210.991211,-32.268845,1380.284546,1203.507568,-10.314448,1364.697754,1251.803101
177,0,-31.048725,1421.418213,1254.666138,28.034365,1400.968018,1254.538696,-0.782092,1428.860962,1204.564453,19.091951,1371.223145,1214.919556,-33.472088,1385.377563,1207.66272,-11.61966,1369.650391,1255.891846
178,0,-31.958525,1426.440552,1259.034424,26.895592,1405.290894,1259.074341,-0.899918,1433.747559,1209.364136,17.676949,1375.416016,1219.59668,-34.807449,1390.077026,1212.166992,-13.099109,1374.434082,1260.53186
179,0,-33.175232,1431.169189,1263.787476,25.569902,1409.509033,1264.333496,-1.649216,1438.020752,1214.388306,16.237085,1379.416382,1224.982666,-36.022072,1394.581421,1217.284058,-14.775541,1379.058472,1265.779907
180,0,-34.592609,1435.753052,1269.046997,23.629339,1413.380127,1270.298706,-2.463086,1442.058472,1219.882446,14.772327,1383.287964,1231.087769,-37.310974,1398.777588,1222.900635,-16.674372,1383.487915,1271.627319
181,0,-36.127571,1440.162842,1274.560669,22.100878,1417.664551,1276.584717,,,,13.261209,1386.996582,1237.675903,-38.739941,1402.702393,1228.772949,-18.52356,1387.822388,1277.91333
182,0,-37.65239,1444.457886,1280.523682,20.557138,1421.626343,1283.336792,,,,11.70435,1390.457153,1244.632813,-40.170673,1406.441528,1235.11731,-20.431236,1392.041382,1284.651611
183,0,-39.115196,1448.710571,1286.90271,19.020031,1425.502563,1290.200928,-5.506328,1452.466553,1238.090576,10.119615,1393.812012,1251.895752,-41.453854,1410.022095,1241.902344,-22.279091,1396.141602,1291.713501
184,0,-40.412792,1452.792969,1293.421021,17.574177,1429.186401,1297.105469,-6.66417,1455.602295,1244.520996,8.432064,1397.002319,1259.164917,-42.98489,1413.459106,1248.984497,-24.014156,1400.141479,1298.973633
185,0,-41.520126,1456.549438,1299.743286,16.167204,1432.873657,1303.853638,-7.959392,1458.601563,1250.938721,6.824293,1400.215454,1266.470581,-44.740494,1416.894897,1256.231934,-25.520998,1404.118042,1306.326294
186,0,-42.696133,1460.473755,1306.435181,14.939761,1436.505859,1310.609741,-9.386793,1461.486328,1257.282593,5.137195,1403.200317,1273.672852,-46.387463,1420.227051,1263.49292,-26.891575,1408.015625,1313.647949
187,0,-43.901768,1464.294922,1312.969482,13.690492,1440.088745,1316.997681,,,,3.426711,1406.271606,1280.700928,-48.026596,1423.264038,1270.61731,-28.364454,1411.928833,1320.962158
188,0,-45.058975,1468.091797,1319.337646,12.450998,1443.735352,1323.113159,-12.673529,1467.053223,1269.244507,1.714711,1409.2854,1287.400757,-50.005676,1426.448975,1277.57666,-29.600473,1415.78125,1327.96167
189,0,-46.297348,1471.850952,1325.43457,11.226178,1447.420898,1328.885742,,,,0.11574,1412.406982,1293.919678,-51.782341,1429.587646,1284.472046,-30.849224,1419.63501,1334.717651
190,0,-47.563507,1475.480713,1331.148926,9.993573,1451.139526,1334.488037,-16.165972,1472.434692,1280.312988,-1.469223,1415.376587,1300.223999,-53.809017,1432.393188,1290.910156,-32.048805,1423.450195,1341.251221
191,0,-48.849155,1479.0896,1336.571899,8.742908,1454.80603,1339.89209,-17.803125,1475.11438,1285.521484,-2.849882,1418.435547,1306.367676,-55.070164,1435.226807,1297.030884,-33.210529,1427.234741,1347.498047
192,0,-50.043869,1482.631714,1341.763794,7.555278,1458.46875,1345.192383,-19.239267,1477.893799,1290.596802,-4.13709,1421.487793,1312.257813,-56.426609,1438.084961,1302.855835,-34.397678,1431.002441,1353.492188
193,0,-51.195629,1486.156616,1346.737061,6.424497,1462.126587,1350.317017,-20.476784,1480.749634,1295.568359,-5.23495,1424.575806,1317.823608,-57.620777,1441.07959,1308.487305,-35.357452,1434.62207,1359.045288
194,0,-52.231617,1489.545166,1351.466064,5.438821,1465.561768,1355.333008,-21.388494,1483.512939,1300.111938,-6.155536,1427.697144,1323.237427,-58.892906,1443.955811,1313.759888,-36.354622,1438.19043,1364.388916
195,0,-53.046391,1492.906128,1356.061646,4.60082,1468.887817,1360.240479,-22.127655,1486.727905,1305.203003,-6.966692,1430.837158,1328.4104,-59.647511,1447.123779,1318.673706,-37.29829,1441.616821,1369.419556
196,0,-53.648254,1496.229248,1360.459839,3.892203,1472.08374,1365.018188,-22.710667,1489.42981,1309.250122,-7.599946,1433.970215,1333.252319,-59.471478,1450.410034,1323.118652,-38.073837,1444.913574,1374.079834
197,0,-54.095478,1499.483276,1364.564819,3.350066,1475.292725,1369.51416,-22.908251,1492.752319,1313.746338,-8.01722,1437.157227,1337.826416,-59.77475,1453.56543,1327.454834,-38.683899,1448.200684,1378.431519
198,0,-54.425373,1502.815674,1368.423462,3.024016,1478.620239,1373.686646,-23.037533,1496.0896,1317.964478,-8.275967,1440.342163,1342.011475,-60.359089,1456.661377,1331.51001,-39.054195,1451.564819,1382.582275
199,0,-54.48217,1506.203857,1372.072021,2.972288,1482.042358,1377.499634,-23.143188,1499.266235,1321.670044,-8.212586,1443.76355,1346.037842,-59.82909,1459.90918,1335.257324,-39.122688,1455.024048,1386.469604
200,0,-54.313889,1509.655396,1375.467896,3.134143,1485.560425,1381.050659,-22.913076,1502.826538,1325.401855,-8.023222,1447.156494,1349.716309,-60.110153,1463.079102,1338.908447,-38.929016,1458.520996,1390.082886
201,0,-53.974907,1513.179932,1378.736206,3.520187,1489.167969,1384.289429,-22.795155,1506.040894,1328.430786,-7.603238,1450.683472,1353.122314,-59.803291,1466.422241,1342.296753,-38.516125,1462.160767,1393.576416
202,0,-53.448788,1516.760376,1381.729248,4.060672,1492.865479,1387.289429,-22.37653,1509.630981,1331.580322,-7.09961,1454.258057,1356.315674,-59.270885,1469.856567,1345.627808,-37.929672,1465.835815,1396.816528
203,0,-52.850018,1520.348755,1384.511597,4.727361,1496.632568,1390.053101,-21.82753,1513.191284,1334.410645,-6.418441,1457.90564,1359.32605,-58.774197,1473.278076,1348.582642,-37.177803,1469.545532,1399.807129
204,0,-52.147972,1523.990967,1387.124634,5.520715,1500.471802,1392.633789,-21.265413,1516.756348,1337.125366,-5.573398,1461.666626,1362.119263,-57.902531,1476.644531,1351.388062,-36.279263,1473.245361,1402.557983
205,0,-51.453899,1527.612671,1389.504395,6.312284,1504.307373,1394.991821,-20.566866,1520.152466,1339.270142,-4.724379,1465.366577,1364.737427,-57.166946,1480.057617,1354.117676,-35.356842,1477.077759,1405.221313
206,0,-50.648945,1531.162842,1391.616089,7.190289,1508.108398,1397.103638,-19.948082,1523.502808,1341.41394,-3.706425,1469.014282,1367.135376,-56.350735,1483.42334,1356.571777,-34.330032,1480.744385,1407.56897
207,0,-49.812778,1534.676758,1393.506958,8.132752,1511.852051,1399.024048,-19.163319,1526.951172,1343.463623,-2.767431,1472.616211,1369.332397,-55.277756,1486.633179,1358.723511,-33.275635,1484.415161,1409.797485
208,0,-48.887074,1538.14563,1395.232788,9.112432,1515.493408,1400.736938,-18.406864,1530.224121,1345.195435,-1.718265,1476.157593,1371.38269,-54.490055,1489.807983,1360.78186,-32.218731,1488.044922,1411.810059
209,0,-47.970638,1541.576782,1396.720215,10.138482,1519.068726,1402.222168,-17.575335,1533.402222,1346.671753,-0.738679,1479.501343,1373.147339,-53.528114,1493.059448,1362.738525,-31.141626,1491.593506,1413.578979
210,0,-46.985195,1544.922363,1397.936035,11.139254,1522.528809,1403.420654,-16.736189,1536.57605,1348.010376,0.160806,1482.757324,1374.646118,-52.53788,1496.133667,1364.109253,-30.050159,1495.145142,1415.192749
211,0,-46.025833,1548.258179,1398.890747,12.123336,1525.971558,1404.382813,-15.876926,1539.151733,1348.383179,1.133428,1485.94458,1375.848755,-51.744652,1498.964478,1365.31665,-29.001402,1498.529419,1416.379517
212,0,-45.070412,1551.428101,1399.523438,13.119139,1529.2323,1405.03186,-15.128538,1542.369019,1349.50647,2.146994,1489.125732,1376.901611,-50.908936,1502.051636,1366.557861,-27.965702,1501.931152,1417.433838
213,0,-44.131302,1554.44519,1399.93457,14.083204,1532.366943,1405.381348,-14.203843,1545.041382,1349.698975,3.01414,1492.104492,1377.528442,-49.799816,1504.858643,1367.14209,-26.946152,1505.064941,1418.07605
214,0,-43.159088,1557.337158,1400.035034,15.027061,1535.256104,1405.455933,-13.433291,1547.400391,1349.456055,3.933938,1494.862915,1377.862915,-48.977871,1507.512939,1367.471558,-25.947962,1508.049805,1418.426514
215,0,-42.235519,1560.071045,1399.824951,15.990226,1537.941284,1405.224365,-12.582023,1550.1073,1349.532593,4.783703,1497.449097,1377.834595,-48.344177,1510.120605,1367.552856,-25.019363,1510.770996,1418.373291
216,0,-41.309689,1562.581909,1399.301514,16.913774,1540.452515,1404.769043,-11.716109,1552.832642,1349.418823,5.773715,1500.052002,1377.42334,-47.344296,1512.775269,1367.233643,-24.087708,1513.292969,1417.91272
217,0,-40.454628,1564.915283,1398.455566,17.748545,1542.828735,1404.004883,-10.772836,1555.221191,1348.612671,6.743272,1502.44873,1376.624023,-46.281796,1514.872192,1366.065674,-23.199486,1515.689697,1417.074829
218,0,-39.670303,1566.915527,1397.158081,18.626474,1545.097412,1402.992554,-9.721371,1557.598145,1347.555054,7.75018,1504.728882,1375.442749,-45.394016,1517.077026,1364.793701,-22.329214,1517.728149,1415.749512
219,0,-38.890251,1568.817017,1395.695435,19.461645,1547.204102,1401.699829,-8.649224,1559.52417,1345.805908,8.90829,1506.877808,1373.849731,-43.987747,1519.168213,1363.103638,-21.426228,1519.58606,1414.121948
220,0,-38.028652,1570.499878,1393.904541,20.329773,1549.167603,1400.184692,-6.283001,1559.27002,1341.418457,10.274725,1509.074463,1372.089111,-42.579708,1520.991089,1361.078491,-20.486563,1521.274414,1412.192017
221,0,-37.148785,1572.025024,1391.85791,21.308315,1550.943726,1398.363647,-5.075745,1561.560181,1339.771851,11.528223,1510.96521,1369.882202,-41.368279,1522.606812,1358.554565,-19.443378,1522.800415,1409.94519
222,0,-36.120621,1573.593994,1389.738159,22.340759,1552.611694,1396.355835,-3.778267,1563.467651,1337.659912,12.924893,1512.943237,1367.598755,-39.870945,1524.453979,1356.088257,-18.360352,1524.288452,1407.570923
223,0,-35.063129,1575.137817,1387.472046,23.518339,1554.271851,1394.104126,-2.574785,1565.633667,1335.579834,14.234113,1514.748291,1364.97937,-38.758247,1526.133789,1353.337646,-17.167921,1525.762207,1404.985474
224,0,-33.852974,1576.723755,1385.137573,24.725641,1555.875854,1391.632324,-1.239891,1567.772705,1333.29834,15.374095,1516.506714,1362.110596,-37.187603,1528.218018,1350.891602,-15.895949,1527.250854,1402.279907
225,0,-32.510437,1578.454102,1382.663574,26.040319,1557.55188,1388.890259,-0.11651,1569.096069,1330.120483,16.711178,1518.446533,1359.31665,-36.149788,1530.086426,1348.087891,-14.606573,1528.878906,1399.483643
226,0,-31.181047,1580.28772,1380.080322,27.365067,1559.266235,1385.931274,1.150041,1571.040527,1327.168945,17.815611,1520.262817,1356.163818,-35.089306,1532.06189,1345.262451,-13.24143,1530.633301,1396.566406
227,0,-29.690422,1582.217651,1377.282104,28.781776,1561.029663,1382.639893,2.029776,1573.100586,1324.281738,18.822021,1522.052246,1352.810303,-34.183147,1534.046143,1342.415283,-11.837584,1532.434448,1393.486816
228,0,-28.275923,1584.264404,1374.273193,30.225157,1562.797974,1379.022583,3.111626,1574.882813,1320.688965,19.854574,1523.915405,1349.221558,-33.375565,1536.239014,1339.4021,-10.447011,1534.382568,1390.194458
229,0,-26.827368,1586.347656,1370.93689,31.603024,1564.626953,1375.002319,3.932245,1577.422852,1317.436768,20.7554,1525.765869,1345.206787,-32.410278,1538.390015,1335.929199,-9.053881,1536.333618,1386.54834
230,0,-25.453756,1588.402222,1367.097778,32.89603,1566.39624,1370.441528,3.65977,1581.764648,1316.113037,21.539574,1527.552979,1340.705811,-31.576618,1540.510498,1331.926514,-7.70258,1538.233521,1382.364502
231,0,-24.157524,1590.381592,1362.685303,34.211452,1568.078979,1365.314209,5.373906,1580.826294,1308.026367,22.314926,1529.376587,1335.714722,-30.871956,1542.539185,1327.518799,-6.477152,1540.123047,1377.673096
232,0,-22.969122,1592.323608,1357.773315,35.32571,1569.658936,1359.619995,6.10211,1582.682373,1302.567627,22.788879,1531.00708,1329.928711,-30.294846,1544.741089,1322.603882,-5.402449,1541.823975,1372.285645
233,0,-21.912298,1594.126587,1352.158081,36.264126,1571.146484,1353.258911,5.41087,1587.447998,1300.182983,23.319803,1532.699707,1323.490601,-30.223488,1546.65686,1316.742065,-4.394969,1543.478882,1366.162964
234,0,-21.060478,1595.796143,1345.716309,37.012993,1572.578003,1346.209229,5.838974,1588.699341,1292.554321,23.622021,1534.327148,1316.174805,-29.873146,1548.732788,1310.088867,-3.747458,1545.041992,1359.28894
235,0,-20.430258,1597.451782,1338.559082,37.528015,1573.965698,1338.505615,6.173208,1591.162964,1285.825439,23.781059,1535.927856,1308.208618,-29.432619,1550.652588,1302.335205,-3.254888,1546.468018,1351.497925
236,0,-20.022741,1599.074951,1330.563599,37.874939,1575.348267,1330.087891,6.418464,1593.116699,1277.571777,23.817757,1537.65332,1299.366333,-29.155239,1552.823364,1294.000244,-2.992784,1547.876831,1342.865967
237,0,-19.789289,1600.712891,1321.855103,38.006142,1576.768555,1320.905029,6.50694,1595.203491,1268.617798,23.826143,1539.508667,1289.766235,-29.222353,1554.999268,1284.633789,-2.973062,1549.292847,1333.415161
238,0,-19.719696,1602.445068,1312.37085,37.939137,1578.282227,1311.005737,6.525511,1597.551514,1258.98938,23.508755,1541.389038,1279.238037,-29.624468,1557.345093,1274.431274,-3.106622,1550.803833,1323.123047
239,0,-19.827169,1604.376465,1302.062378,37.733486,1579.801636,1300.249878,6.399567,1600.180298,1248.628418,23.12171,1543.501465,1267.928345,-29.91292,1560.085938,1263.463989,-3.512395,1552.425415,1311.869751
240,0,-20.056286,1606.519287,1290.856812,37.338753,1581.657471,1288.68689,,,,22.47344,1545.894897,1255.570923,-30.372166,1562.935791,1251.387817,-4.088199,1554.347778,1299.748779
241,0,-20.468956,1609.067017,1278.890503,36.741791,1583.849243,1276.312378,5.963911,1606.585327,1225.445801,21.87331,1548.808594,1242.452637,-30.974726,1566.491699,1238.526367,-4.821908,1556.628174,1286.60791
242,0,-20.928354,1611.990601,1265.963379,35.926865,1586.992554,1263.118164,5.588293,1610.387573,1212.713379,21.121244,1552.255859,1228.177368,-31.731464,1570.536621,1224.68042,-5.699825,1559.307617,1272.498779
243,0,-21.559271,1615.447632,1252.300293,35.493362,1589.560913,1248.647949,5.199872,1614.894287,1198.918579,20.464346,1556.232544,1212.924072,-32.281372,1574.959229,1209.739136,-6.602125,1562.380005,1257.296387
244,0,-22.108181,1619.167725,1237.578247,34.754745,1593.08667,1233.456055,,,,19.831318,1560.869019,1196.660767,-32.888779,1580.070679,1193.933472,-7.446632,1565.884155,1241.092041
245,0,-22.671131,1623.219482,1221.912842,34.113041,1596.996704,1217.213989,,,,19.231398,1565.953247,1179.337036,-33.348141,1585.511719,1177.117798,-8.591591,1570.183472,1224.168213
246,0,-23.143806,1627.648071,1205.385376,33.479702,1601.285645,1200.091064,4.176958,1631.555176,1152.503784,18.631968,1571.685425,1161.121582,-34.010612,1591.638306,1159.432617,-9.109464,1574.10376,1205.642212
247,0,-23.607161,1632.445801,1188.031616,32.866131,1605.803589,1182.069458,3.98748,1638.174683,1135.545288,17.875923,1577.920654,1141.989014,-34.411407,1598.271851,1140.778198,-9.955902,1578.843628,1186.390381
248,0,-24.10648,1637.743042,1169.9021,32.222473,1610.873047,1163.19751,3.869114,1645.287354,1117.949219,17.222813,1584.734497,1121.9823,-34.756718,1605.443237,1121.151001,-10.915898,1584.07373,1166.14209
249,0,-24.610659,1643.501099,1150.956787,31.51445,1616.498779,1143.675781,3.843024,1653.129395,1099.899292,16.762148,1592.324463,1101.224121,-35.138145,1613.48645,1100.874756,-11.872195,1589.942993,1145.049194
250,0,-25.180332,1649.874634,1131.379028,30.840569,1622.673706,1123.334351,3.998799,1661.665894,1081.37146,16.149193,1600.599731,1079.707642,-35.537193,1622.233398,1079.818237,-12.877902,1596.416382,1123.054565
251,0,-25.682295,1656.878906,1111.19812,30.06358,1629.603638,1102.400879,4.303969,1670.88501,1062.639038,15.545463,1609.845459,1057.775513,-35.8176,1631.910889,1058.309814,-13.771278,1603.72522,1100.387451
252,0,-26.100496,1664.616211,1090.549194,29.420444,1637.23877,1080.838623,4.716912,1680.644165,1043.628296,15.264764,1619.855225,1035.246094,-36.002617,1642.469971,1036.269409,-14.683009,1611.929688,1077.116333
253,0,-26.44076,1673.102905,1069.536499,28.929169,1645.751831,1058.800415,,,,13.768865,1633.11377,1012.514709,-36.015736,1654.021118,1013.975037,-15.45249,1621.03064,1053.328491
254,0,-26.636467,1682.413086,1048.264404,28.551559,1655.363647,1036.420288,,,,13.500183,1645.585327,989.255127,-36.012192,1666.410889,991.510132,-15.989575,1631.170288,1029.271851
255,0,-26.716276,1692.596558,1026.862915,28.34889,1665.817017,1013.82135,,,,13.319314,1658.82959,966.104248,-35.865715,1679.989136,969.176819,-16.45714,1642.220581,1005.034119
256,0,-26.707884,1703.72644,1005.528076,28.252274,1677.313843,991.085083,,,,13.231695,1673.64856,943.103821,-35.759476,1694.536011,947.101868,-16.717236,1654.622437,980.954529
257,0,-26.573864,1715.768433,984.410706,28.248659,1690.004395,968.525696,,,,13.207586,1689.499146,920.287598,-35.574039,1710.112061,925.469055,-16.916147,1667.840454,957.054443
258,0,-26.393236,1728.700195,963.610168,28.519407,1703.680054,946.225159,,,,13.245887,1706.225952,898.010803,-35.358574,1726.627808,904.292664,-16.816095,1682.268799,933.476624
259,0,-26.084131,1742.520996,943.251099,28.002367,1719.754517,924.868164,,,,13.328318,1724.239136,876.325439,-36.019257,1744.443481,884.178284,-16.791801,1697.218506,910.070618
260,0,-26.122818,1757.365356,924.104675,28.366308,1735.626831,903.561096,,,,13.304634,1743.139648,855.448181,-35.731438,1762.431274,864.440186,-16.845646,1715.763062,888.375732
261,0,-25.89352,1772.749634,905.033936,28.671618,1752.28064,882.836121,,,,13.125144,1762.191528,835.586426,-35.691368,1781.131836,845.731873,-16.057682,1734.218994,866.320923
262,0,-25.523605,1788.741943,886.508606,28.829853,1769.644897,862.910889,,,,12.802964,1782.272583,816.242126,-35.527328,1800.690308,827.400269,-16.116179,1752.446777,845.522949
263,0,-25.496365,1805.459473,868.783997,29.764692,1787.173828,844.137634,,,,12.325538,1803.161499,797.904175,-35.986805,1820.672729,810.292053,-16.563217,1771.481812,825.719299
264,0,-25.713343,1822.832764,851.798828,29.966801,1806.184326,826.201355,,,,11.708142,1824.380127,780.441589,-36.675282,1841.290283,794.11908,-16.676674,1791.077026,806.533936
265,0,-26.183016,1840.71875,835.732605,28.560848,1827.66748,806.822266,,,,9.734094,1849.362549,763.753235,-37.630989,1862.331787,778.816956,-17.418135,1811.50415,788.723267
266,0,-26.779804,1859.041016,820.337769,27.621763,1847.832031,789.987671,,,,8.448005,1871.917236,748.188232,-39.349834,1881.463745,765.466919,-18.274151,1832.418457,771.525696
267,0,-27.715101,1877.833008,805.692749,26.53833,1868.124512,774.298889,,,,7.159133,1894.770142,733.37262,-40.523769,1903.233398,752.196533,-19.386528,1853.84314,755.305359
268,0,-28.809504,1896.799316,791.864502,25.381748,1888.743286,759.489197,,,,6.932758,1913.855835,720.99585,-41.885624,1924.815063,739.994019,-20.945915,1872.948364,740.56311
269,0,-30.822584,1916.095337,778.290588,24.141151,1909.373901,745.778381,,,,6.425277,1934.700806,709.525269,-43.160568,1946.274048,728.943481,-21.804045,1892.336182,727.287415
270,0,-31.964243,1935.854004,766.210693,22.990669,1929.927124,733.132751,,,,5.491075,1957.10083,698.333984,-42.863056,1971.496216,717.395752,-22.968584,1914.036377,714.322998
271,0,-33.106312,1954.789673,755.697449,21.764013,1950.539429,721.553101,1.578123,2001.445801,744.938354,4.796488,1978.81189,688.404358,-43.589687,1993.3396,707.825989,-24.810776,1938.437744,701.735291
272,0,-33.899391,1974.819824,745.490417,20.690723,1970.853149,710.982666,-0.385283,2024.926392,735.315613,4.352822,2001.111084,679.221863,-44.136368,2014.952637,699.252319,-26.493893,1962.277466,690.304749
273,0,-34.700413,1993.879517,736.397461,19.788233,1991.073364,701.376953,-0.591774,2043.708984,728.354187,4.177222,2021.560181,671.393188,-44.590591,2035.952271,691.297241,-27.36652,1984.276489,680.55072
274,0,-35.314838,2012.343384,728.28186,19.355047,2010.793945,692.718445,-0.893723,2061.917969,722.041382,4.169967,2042.405884,664.137207,-44.5765,2056.725098,685.360657,-28.004463,2005.511963,671.78186
275,0,-35.419102,2030.851807,720.528992,19.88937,2033.436279,684.21521,-1.658507,2082.170898,716.026672,4.737463,2060.779297,659.628113,-44.790413,2076.552002,679.954834,-28.485832,2026.007202,664.094299
276,0,-35.666218,2047.623901,713.903748,19.580662,2051.465576,677.219299,-1.401834,2098.585205,711.297058,,,,-44.731541,2095.373779,675.062256,-28.60437,2045.884888,657.377869
277,0,-35.663811,2064.294189,708.183411,18.830286,2067.232422,671.092468,-1.138167,2114.481934,707.222595,,,,-44.568287,2113.235352,671.08374,-28.877264,2064.679199,651.490662
278,0,-35.576069,2080.359619,702.739319,18.610909,2082.830322,665.582703,-0.649823,2129.501465,703.727173,,,,-44.263409,2130.182861,667.845703,-28.87697,2082.250732,646.424255
279,0,-35.526955,2094.679688,698.247009,18.599405,2097.781982,661.394775,-0.049683,2143.625488,700.661682,,,,-43.651592,2145.921143,664.758606,-28.81802,2098.510498,642.056946
280,0,-35.463413,2107.396484,694.588623,18.439922,2111.335693,657.964905,0.499811,2156.331787,698.208801,,,,-43.035736,2160.470703,662.454041,-28.416409,2113.920654,638.262512
281,0,-34.879223,2120.433838,691.017578,18.915543,2124.262695,654.768433,1.184901,2168.444824,695.973083,,,,-42.259369,2173.460693,660.318054,-27.853575,2127.678223,635.057129
282,0,-34.425823,2131.325684,687.85199,19.549309,2136.516602,651.644531,1.956324,2179.372314,694.17572,,,,,,,-27.194536,2140.839844,632.008728
283,0,-33.846493,2141.581299,685.140015,19.904839,2146.523682,649.305237,2.663774,2189.344238,692.816406,,,,,,,-26.71384,2151.674072,630.044006
284,0,-33.636372,2150.362305,682.93689,20.230444,2155.691162,647.15802,3.239578,2197.475342,691.644104,,,,,,,-26.168118,2162.076904,628.169922
285,0,-33.422085,2158.035889,680.944336,20.406424,2163.531006,645.452148,3.786777,2204.170654,691.106689,,,,,,,-25.884014,2170.619629,626.597839
286,0,-33.52282,2163.965576,679.559082,20.259773,2169.751953,644.111145,4.259339,2209.769775,690.576477,,,,,,,-25.864592,2177.744629,625.416321
287,0,-33.705662,2167.716309,678.514038,20.140015,2174.579346,642.811462,4.532764,2213.489502,690.171875,,,,,,,-26.024265,2182.510742,624.739258
288,0,-33.910099,2170.611328,677.772095,19.905384,2176.976807,642.021729,4.639871,2215.307861,689.832825,,,,,,,-26.288845,2186.095459,624.032166
289,0,-34.059837,2171.218506,677.255432,19.627636,2177.514404,641.345215,4.774675,2215.62207,689.689575,,,,,,,-26.665392,2186.996094,623.730225
290,0,-34.348534,2169.832275,677.232056,18.940012,2175.690186,640.940918,4.59138,2214.306641,689.485291,,,,,,,-27.132969,2185.308838,623.583435
291,0,-34.399895,2166.360352,677.534546,18.927534,2173.023193,640.585205,4.488928,2211.705566,688.917297,,,,,,,-27.595524,2182.635498,623.423828
292,0,-34.719921,2161.490967,677.794128,18.388723,2167.321045,641.089722,4.032386,2206.114502,689.012268,,,,,,,-28.088781,2176.200195,624.126404
293,0,-34.829483,2154.390869,678.629822,18.026134,2159.805176,641.520691,3.773593,2199.601318,688.952209,,,,,,,-28.552689,2168.730469,624.549377
294,0,-34.851036,2145.372803,680.427856,17.741953,2150.678223,642.876648,3.505696,2190.835693,689.493896,,,,,,,-29.102917,2158.689453,625.714417
295,0,-35.090591,2134.319092,682.472473,17.457596,2138.805664,644.595459,3.268423,2180.67334,689.961365,,,,-41.653889,2189.109619,657.265869,-29.445873,2147.071533,627.155396
296,0,-34.963844,2122.39209,684.779236,17.564081,2126.749268,646.670227,3.055243,2169.044678,691.187012,,,,-41.544083,2177.390381,657.876648,-29.673435,2132.93335,629.526062
297,0,-34.872929,2107.821533,688.160095,17.815943,2111.243408,649.765991,3.226973,2155.46167,692.997559,,,,-41.528866,2162.960693,659.326233,-29.612486,2117.289551,632.133789
298,0,-34.511013,2093.169434,691.660034,17.924875,2094.736328,653.538452,3.340171,2140.013916,695.121338,,,,-41.227386,2146.562256,661.228149,-29.368696,2100.009521,635.733276
299,0,-34.351269,2076.112793,696.385803,18.525656,2076.627197,658.167969,3.900186,2123.310059,698.40918,,,,-40.877678,2128.765625,664.440979,-29.027605,2081.723633,639.913696
300,0,-34.032898,2058.11377,701.896484,19.141148,2057.743164,663.247864,4.385311,2104.514404,702.491943,,,,-40.267742,2109.319092,668.115112,-28.795757,2060.750488,645.316284
301,0,-33.658413,2037.923096,708.898926,19.934345,2037.332031,669.467651,5.029481,2084.753906,707.646973,,,,-39.513573,2088.363037,673.079895,-28.272923,2039.380737,651.746399
302,0,-33.203087,2017.33728,716.46228,20.632441,2014.491333,678.389221,5.665352,2062.536865,714.301697,,,,-38.730358,2065.512939,679.133545,-27.923561,2015.669312,659.873291
303,0,-32.789539,1994.448975,726.23407,21.087765,1989.864136,689.242493,6.366567,2040.197632,722.31781,8.980314,2018.309326,667.863831,-38.046455,2040.839233,686.780334,-27.433975,1990.036377,669.667847
304,0,-32.489429,1969.320923,738.149292,20.90395,1960.656128,702.18219,6.820487,2015.259033,732.009521,9.556262,1995.253174,674.82373,-37.246429,2014.197388,696.077515,-26.717358,1962.567261,681.563904
305,0,-31.679817,1943.769287,750.959534,21.504835,1932.220093,716.792297,8.062903,1987.294434,743.994568,9.885499,1966.226074,687.405334,-36.752625,1986.077881,707.444336,-26.270267,1933.152222,695.538574
306,0,-31.130537,1917.110107,766.415527,21.947342,1902.727905,733.372925,8.84782,1958.456787,757.726318,9.913963,1937.321655,700.307678,,,,-25.564075,1902.430054,712.05896
307,0,-30.499941,1885.213135,786.044983,22.399395,1870.593994,753.314941,10.016967,1927.297241,774.620361,10.551366,1904.106323,718.10907,-40.155064,1913.985107,741.318115,-25.094757,1869.64856,731.313599
308,0,-30.546221,1857.095825,805.198303,22.678408,1837.143799,776.162598,,,,11.449475,1868.668701,738.949341,-37.652863,1884.078247,758.5354,-24.155354,1835.994995,753.801453
309,0,-30.843658,1821.958862,831.299866,22.751347,1802.376831,802.283386,,,,12.411007,1831.299805,763.061218,-34.099178,1855.112061,778.432739,-23.885181,1800.269287,779.45813
310,0,-30.415989,1789.467407,857.890076,22.466621,1765.718018,833.03186,,,,13.126863,1792.764771,790.609253,-33.055325,1817.923462,803.678345,-23.59346,1763.336792,808.78363
311,0,-30.818752,1755.736084,888.729126,22.403641,1729.883911,866.139099,,,,13.785769,1753.900391,821.897339,-31.807266,1779.054321,832.666748,-23.681484,1725.692627,841.992554
312,0,-30.886854,1720.697632,922.27301,21.957666,1694.350952,903.246582,,,,14.336614,1714.429443,857.357666,-31.35343,1740.186523,865.507568,-23.937304,1687.845825,878.903503
313,0,-32.971401,1684.079468,959.399475,21.964666,1658.212158,943.314392,,,,15.283884,1677.11145,896.52124,-31.910263,1701.370239,902.163574,-22.981476,1649.531982,917.795105
314,0,-35.603886,1645.255859,999.370422,21.337652,1622.349854,985.580261,,,,16.496222,1640.491333,939.040466,-33.138203,1664.52771,942.535095,-21.600735,1611.848145,957.4505
315,0,-37.871063,1605.080566,1041.53418,20.570648,1585.78186,1028.248901,3.116748,1650.046265,1028.276611,17.102768,1608.946899,983.542053,-32.766636,1630.725464,986.900452,-20.737808,1576.677124,996.733337
316,0,-40.175354,1564.820679,1083.964844,19.344383,1549.37854,1069.244141,0.864375,1611.81604,1080.741089,19.280888,1581.976074,1028.716553,-32.209702,1600.028198,1034.468994,-19.844875,1545.504272,1034.81665
317,0,-41.645298,1524.630859,1124.312622,18.979425,1514.297607,1109.537842,-2.237255,1571.251221,1133.791626,18.51675,1555.234253,1078.822754,-32.398247,1570.540405,1084.463135,-18.557922,1518.278442,1073.029541
318,0,-43.016121,1486.18689,1162.354614,18.925011,1480.29187,1148.658081,-5.448119,1528.893066,1184.324097,18.142653,1526.321899,1127.402832,-32.867771,1540.213013,1134.971436,-17.122402,1493.226929,1112.604004
319,0,-43.701694,1449.826538,1197.745972,18.371326,1448.175537,1186.450928,-8.684511,1485.504395,1231.929932,18.44133,1497.732178,1178.148071,-34.115761,1508.485229,1185.152466,-15.473274,1468.909424,1153.199219
320,0,-43.874321,1414.965454,1232.049194,18.700184,1417.167603,1224.374878,-11.758849,1441.685303,1276.314209,17.135841,1467.416382,1228.487915,-35.526348,1474.970947,1234.809448,-14.084355,1445.174927,1194.29895
321,0,-43.623253,1382.092773,1265.308105,18.957317,1389.911377,1261.053833,-14.530505,1398.087036,1316.963257,16.203123,1434.456421,1277.461914,-37.533974,1439.682495,1283.494141,-12.15973,1418.955933,1237.63916
322,0,-42.378296,1351.662476,1298.167847,19.47809,1358.137573,1300.057861,-16.857681,1355.38147,1353.675781,14.498591,1400.199219,1326.347046,-39.48354,1402.406128,1330.080811,-11.363827,1393.83374,1282.934692
323,0,-41.335087,1322.445923,1331.27771,19.578178,1332.371704,1337.29187,-18.384609,1313.74292,1386.801636,12.20328,1364.063354,1373.319214,-41.739685,1363.588379,1374.467529,-11.49025,1367.764038,1328.823975
324,0,-40.841984,1295.022949,1364.510742,20.447622,1301.19043,1376.271973,-19.805323,1273.105469,1417.687988,9.749863,1325.934692,1418.714966,-44.149326,1323.883057,1416.721802,-11.883982,1340.28064,1374.540405
325,0,-39.419529,1268.112915,1398.482056,20.829987,1272.99707,1414.746582,-20.498396,1233.700684,1446.175781,7.039295,1286.226563,1461.419067,-46.525917,1283.600098,1456.271729,-12.852585,1311.264893,1420.624878
326,0,-38.258961,1241.820068,1433.168213,20.557648,1243.812744,1453.497437,-20.434052,1196.332153,1472.835083,4.324466,1245.553467,1501.436035,-48.957241,1243.106689,1493.202759,-14.515161,1279.813477,1466.846313
327,0,-37.45702,1215.715942,1468.456787,20.063002,1214.709839,1492.807129,-19.265108,1161.004883,1497.915405,1.71161,1204.305542,1538.589478,-51.165596,1202.640259,1527.260864,-17.059622,1245.150513,1512.10791
328,0,-36.979286,1189.733398,1505.554321,19.242193,1183.901611,1531.933716,-18.820818,1132.075562,1522.016724,-0.673762,1163.114868,1572.86499,-52.895252,1162.798096,1558.7052,-19.882973,1208.205444,1555.926514
329,0,-36.947807,1162.925537,1543.213379,18.343012,1153.101807,1570.643799,-17.250286,1103.475708,1546.311523,-2.726331,1122.220093,1604.111938,-54.298065,1124.083618,1587.065552,-22.861441,1169.720947,1597.649536
330,0,-37.490559,1134.812622,1581.10376,16.86306,1120.137085,1608.701294,-15.02022,1076.973755,1570.943604,-4.39257,1081.938721,1632.442261,-55.197262,1086.46106,1613.376587,-26.132942,1128.254395,1635.894165
331,0,-38.56731,1105.395752,1619.241577,15.051041,1085.812622,1645.776245,-13.527006,1053.234009,1598.355225,-5.750471,1042.492432,1658.485107,-55.711945,1050.525879,1637.773926,-29.586609,1085.613159,1671.078247
332,0,-39.981907,1074.288208,1657.195923,13.133311,1049.959106,1681.459351,-12.032269,1029.954224,1626.658691,-6.887906,1004.063965,1682.959351,-55.832333,1016.088257,1660.680786,-32.832264,1042.580566,1703.130249
333,0,-41.78825,1041.077271,1694.148438,10.785321,1013.078308,1715.521362,-10.620825,1006.293396,1655.697998,-7.356105,967.773438,1703.405396,-55.526978,983.48114,1682.577393,-35.820259,999.811157,1731.776001
334,0,-43.843147,1005.918274,1729.84436,8.289953,975.078186,1747.444458,-9.441737,981.443054,1686.059204,-7.220176,933.616333,1723.746826,-53.696571,951.859741,1703.535645,-38.551037,957.592224,1757.169067
335,0,-46.263615,969.005432,1763.829224,5.71448,936.539246,1777.081909,-8.728674,956.787048,1717.872559,-6.662006,901.393982,1743.178833,-53.461044,922.752197,1725.082397,-40.697819,915.968567,1779.363892
336,0,-48.865997,930.476257,1795.733032,3.19332,897.58667,1804.115601,-8.384215,930.924133,1750.189087,-5.963003,870.200439,1761.90332,-52.150642,894.907471,1746.910889,-42.492947,875.372131,1798.806519
337,0,-51.930283,890.856323,1825.478271,1.088077,858.431152,1828.74292,-8.619259,904.003235,1783.382935,-4.926072,841.841309,1780.809326,-50.74831,867.786255,1769.253784,-43.571152,837.724609,1814.685547
338,0,-54.572155,850.572388,1852.096558,-0.81745,819.394104,1851.087524,-8.723715,873.467102,1816.357544,-3.805431,814.967102,1800.321167,-49.656792,841.716858,1792.192505,-44.129433,801.64917,1829.303101
339,0,-57.428177,810.072571,1876.037964,-2.549454,780.756042,1870.623779,-10.78642,842.611511,1850.028076,-2.716364,788.787781,1820.531616,-48.681145,815.15509,1815.487061,-44.10463,767.991943,1842.584473
340,0,-59.778568,769.675049,1897.025391,-3.903351,743.140747,1888.086548,-13.027084,807.031128,1882.449341,-0.986987,763.501648,1841.318726,-47.960789,789.495911,1840.248779,-43.452244,736.778259,1855.054932
341,0,-61.785088,730.39624,1914.866455,-4.904201,706.709656,1903.493286,-15.928138,770.686157,1912.850952,-0.071054,737.718262,1863.234009,-47.841511,762.87915,1865.296387,-42.218166,707.824158,1867.471069
342,0,-63.794373,691.337402,1930.465698,-5.24504,672.241943,1917.28125,-19.964636,732.241821,1941.641235,0.417508,711.242493,1885.688843,-48.14167,735.264526,1890.86438,-40.512115,680.933105,1880.516724
343,0,-64.9618,653.82843,1943.791992,-5.455584,638.947388,1929.882813,-22.311195,689.711243,1965.886719,-0.879107,687.174622,1909.155396,-48.507431,705.992859,1917.03125,-38.655041,655.975403,1894.667969
344,0,-65.659523,617.713562,1955.139648,-5.301866,607.329834,1941.59668,-25.407074,647.451599,1987.688477,-0.884157,658.074402,1933.596313,-49.761124,674.851257,1942.866333,-37.13588,631.955261,1910.396484
345,0,-65.850212,583.176941,1964.937134,-4.846531,577.604614,1953.089478,-28.399326,604.919617,2006.170532,-0.173184,626.645081,1957.059814,-51.285145,641.701538,1968.063843,-35.546978,607.628113,1926.810303
346,0,-65.747192,550.298767,1973.687256,-4.312749,549.19635,1964.704956,-31.186937,562.505188,2021.605469,-1.425961,595.549255,1980.599487,-53.080299,606.473694,1991.847412,-34.481888,583.610718,1944.350342
347,0,-65.630432,519.682251,1982.30481,-4.540548,520.6203,1977.112671,-34.172401,519.102905,2033.775391,-3.009057,562.656128,2003.442017,-55.19186,569.311218,2013.739136,-33.375401,559.448181,1963.813721
348,0,-64.707001,489.603271,1989.918457,-2.453555,494.983673,1988.876953,-35.037857,478.675171,2042.888672,-4.984269,528.009277,2025.088013,-57.504616,530.646729,2033.493774,-33.392147,534.304199,1983.12207
349,0,-63.829353,461.191162,1997.846802,-1.597588,468.041382,2001.459351,-36.253689,438.064209,2049.046875,-7.500896,491.043243,2045.083496,-60.306953,490.63092,2050.832031,-33.729668,507.91568,2003.623047
350,0,-62.950821,433.974121,2006.224365,-1.157485,440.601379,2014.714478,-37.400051,399.467529,2052.598145,-9.3841,453.444702,2063.117432,-62.892452,450.247162,2065.056396,,,
351,0,-61.991379,407.433685,2015.131958,-1.105636,413.121307,2028.958984,-37.242271,364.531036,2053.40332,-12.147685,414.934326,2078.368896,-65.361191,409.739136,2076.73999,,,
352,0,-61.193092,381.129822,2025.215088,-1.368183,385.720459,2043.383545,,,,-14.60609,375.422729,2091.030029,-67.588127,369.576569,2085.242676,-38.460339,414.781708,2066.27124
353,0,-60.210369,355.768219,2036.571045,-2.279849,356.612122,2057.946289,-35.656483,301.183685,2052.610107,-17.278654,336.847626,2100.743896,-69.314285,329.834808,2091.273193,-41.235104,378.585266,2084.902588
354,0,-60.154507,329.154633,2048.084961,-3.579101,326.309875,2072.421143,-34.364876,273.186249,2051.875,-18.654629,295.808167,2108.04126,-69.811882,290.31369,2093.565918,-45.128319,338.769775,2101.148926
355,0,-60.50993,301.801422,2059.992676,-5.994654,293.262085,2086.326416,-32.479401,247.194061,2051.952393,-18.591637,259.014801,2111.847656,-71.426529,254.036896,2094.408936,-48.780499,297.914764,2113.216797
356,0,-61.303463,273.129364,2071.94873,-6.927184,261.192871,2099.697998,-30.72138,223.773438,2053.554199,-22.26771,216.713287,2114.598633,-71.715988,218.027008,2093.161865,-51.054867,257.505432,2124.498047
357,0,-62.466091,242.936981,2083.752686,-8.932907,226.055115,2111.572021,-29.070654,200.580643,2057.164063,-23.22751,178.83371,2114.258545,-71.499062,183.7836,2090.55127,-54.11657,215.469009,2131.486328
358,0,-64.007637,211.154694,2095.034912,-11.155701,189.714554,2121.654785,-27.688261,176.967331,2061.443848,-23.865034,142.288071,2112.05957,-70.82888,151.662521,2086.905273,-56.956387,173.541122,2135.401123
359,0,-65.853729,177.584076,2105.208252,-14.010829,152.420197,2129.488525,-26.591137,153.08197,2066.442627,-23.755508,107.547523,2107.951416,-69.95237,121.683281,2082.656494,-59.398777,131.996094,2136.341064
360,0,-68.013443,142.257813,2113.901123,-16.587551,113.909241,2134.877686,-25.549168,128.806427,2072.839844,-23.484581,74.824875,2102.693359,-68.691299,93.554932,2078.631836,-61.534164,90.800056,2134.344727
361,0,-70.421707,105.42955,2120.835693,-19.100786,74.774757,2137.689453,-25.089085,103.58432,2079.970215,-22.865496,44.228981,2096.921143,-67.3703,66.762505,2075.136719,-63.525402,51.373207,2128.561523
362,0,-73.036942,67.575394,2125.687012,-21.596748,35.518719,2137.815674,-24.714209,75.982903,2088.589111,-22.042278,15.511085,2090.842773,-66.031868,40.722324,2072.203613,-64.598221,12.957799,2120.416504
363,0,-76.111832,28.453171,2128.269043,-23.836653,-3.748899,2135.412109,-26.150908,48.521233,2096.856445,-21.147512,-11.795302,2085.099609,-64.491112,15.279436,2069.83374,-65.173523,-22.960114,2110.230225
364,0,-78.715523,-10.569088,2127.858154,-25.858292,-43.024261,2130.15918,-27.793516,17.326647,2105.25,-20.103689,-37.94466,2079.882813,-63.320091,-9.712001,2068.480957,-64.953377,-56.349464,2098.653076
365,0,-81.101997,-49.472305,2124.866699,-27.171474,-81.250542,2122.499512,-29.987852,-16.800713,2112.545166,-18.911003,-63.863403,2075.330078,-62.346058,-34.066525,2068.078125,-64.137115,-86.936798,2086.360352
366,0,-83.290352,-87.969276,2119.207031,-28.039429,-118.163261,2112.697754,-32.56995,-53.448769,2118.038086,-17.374773,-89.082954,2071.162109,-61.877159,-58.809132,2068.705078,-62.735706,-115.321312,2074.047363
367,0,-85.03006,-125.76194,2111.241455,-28.498989,-153.460541,2101.111328,-35.796558,-91.474106,2121.477783,-16.449759,-116.030693,2067.901123,-62.15593,-85.1362,2069.977051,-60.979046,-141.464508,2062.355225
368,0,-86.504242,-162.32634,2100.934814,-28.56027,-186.680908,2088.041504,-38.925987,-132.114777,2121.457275,-16.131538,-142.570099,2065.606201,-62.825672,-113.178642,2071.743896,-59.106937,-166.206299,2051.498779
369,0,-86.819344,-198.473419,2088.296631,-28.275587,-217.813034,2073.943115,-41.950249,-173.262497,2118.694824,-16.154921,-169.986343,2063.613281,-64.061127,-143.35791,2073.513916,-57.470856,-190.011642,2042.42749
370,0,-87.106606,-233.067581,2074.406982,-27.811897,-246.90918,2059.628418,-44.895077,-214.643173,2112.758789,-16.682892,-198.475723,2061.747559,-65.503059,-175.795715,2074.746338,-56.113209,-213.479767,2034.040894
371,0,-87.20414,-266.17038,2059.221191,-26.66465,-273.380157,2046.024048,-47.6451,-256.066437,2103.773682,-17.570568,-228.322906,2059.739258,-67.30706,-210.615646,2074.552002,-54.963905,-236.580246,2026.968018
372,0,-87.043892,-297.739777,2043.195068,-25.190397,-298.653107,2032.560547,-49.953461,-297.757202,2091.857666,-18.815283,-259.576477,2057.208984,-69.498695,-247.529266,2072.428955,-54.484703,-260.334747,2020.209839
373,0,-86.58078,-327.975647,2026.915771,-25.046822,-325.87326,2018.802368,-51.73288,-339.104065,2076.821533,-20.394531,-292.500732,2053.833496,-71.998589,-285.871948,2068.229004,-53.407318,-284.878143,2014.793213
374,0,-86.120583,-356.705353,2010.124268,-23.943724,-351.243805,2006.299438,-53.043739,-379.466125,2058.708496,-22.335434,-326.956177,2049.063721,-75.570976,-326.395477,2061.795654,-53.698608,-310.237946,2010.407227
375,0,-84.981544,-384.995239,1994.322632,-23.224808,-377.720062,1994.591675,-53.917625,-416.668884,2037.525879,-24.373827,-362.817352,2042.818359,-77.694427,-365.586914,2051.723389,,,
376,0,-84.527229,-411.244049,1978.075684,-22.442667,-402.712494,1983.727051,-53.86618,-451.754944,2014.355713,-26.867075,-399.783447,2034.041138,-80.08699,-405.887634,2039.054688,-56.034527,-367.983765,2003.485474
377,0,-83.560692,-437.162689,1962.903687,-22.166193,-429.422516,1973.629517,-53.322647,-484.278534,1989.856079,-29.337513,-437.571136,2022.753296,-82.213966,-446.082153,2023.565796,-59.10442,-398.579468,1999.893677
378,0,-83.007813,-463.113281,1948.458252,-22.304066,-457.042755,1963.817749,-52.305927,-514.382629,1964.685303,-31.539377,-476.07547,2009.007202,-84.045364,-486.153748,2004.713501,-60.884968,-436.05014,1993.330811
379,0,-82.932335,-489.652222,1934.336548,-24.774836,-484.452759,1954.307251,-51.275383,-541.734009,1939.544678,-33.538422,-514.577332,1992.684814,-85.606094,-524.748962,1983.058838,-64.335678,-474.201752,1985.828857
380,0,-83.308983,-516.936523,1920.440796,-25.378668,-515.338013,1944.074463,-49.129711,-567.301697,1914.832275,-35.091942,-552.628906,1973.530273,-86.561722,-562.694641,1958.878052,-67.538811,-513.994812,1973.857178
381,0,-83.165985,-544.457336,1906.935059,-27.074316,-547.254211,1933.540894,-47.624104,-590.910339,1892.015015,-36.562725,-591.630615,1952.135742,-86.933693,-598.857971,1932.687988,-70.174019,-554.097534,1959.773315
382,0,-84.013123,-573.518616,1893.004883,-29.166525,-581.201172,1921.800293,-46.061325,-614.008057,1870.290527,-38.383652,-629.205872,1928.528442,-86.783066,-632.863708,1904.927979,-73.274139,-595.328979,1942.866821
383,0,-85.320015,-603.918457,1878.704834,-31.884529,-615.941833,1908.926147,-44.627792,-637.106628,1849.489868,-38.750645,-665.544617,1903.352295,-86.118385,-664.634888,1876.054199,-76.062759,-636.076416,1922.976074
384,0,-86.941315,-635.972351,1863.658447,-34.751766,-652.834412,1893.162842,-43.115707,-660.358521,1829.970337,-39.042381,-700.051514,1875.633301,-84.600479,-694.949524,1846.63562,-78.529068,-676.829956,1899.876099
385,0,-89.222206,-669.264648,1847.662476,-37.589848,-691.251099,1875.129028,-42.550846,-683.489319,1811.345337,-39.012646,-733.008911,1846.771362,-83.480133,-721.598328,1817.317505,-80.478493,-717.802368,1873.423584
386,0,-91.18605,-703.870728,1829.876587,-40.219433,-730.431274,1854.636475,-42.180313,-707.68396,1793.524658,-38.69294,-764.121338,1816.945679,-81.670258,-747.608398,1788.903931,-82.27626,-757.357666,1844.181763
387,0,-93.396027,-739.80603,1810.209595,-42.876389,-769.381287,1830.97229,-42.195484,-733.579773,1776.985107,-38.114037,-793.680908,1786.57251,-79.994179,-772.325256,1760.829468,-83.562531,-793.937988,1811.657715
388,0,-95.697876,-776.679626,1788.38855,-45.19244,-809.028687,1804.740112,-43.167046,-761.531921,1760.89856,-36.337406,-820.069702,1755.728638,-78.222954,-796.041199,1733.932861,-83.748871,-830.259583,1777.37915
389,0,-98.280975,-814.267456,1764.509399,-47.080349,-848.368835,1775.740479,-44.80286,-791.7948,1744.587158,-35.60379,-847.396301,1725.722656,-76.911064,-819.555542,1707.391968,-83.406082,-862.77124,1741.491943
390,0,-100.495796,-851.979736,1737.917725,-48.646538,-886.800293,1743.932251,-47.071163,-824.445618,1727.29834,-35.258869,-874.980286,1696.179199,-75.771614,-843.212952,1682.754761,-82.751144,-893.38031,1705.249634
391,0,-102.558861,-889.453369,1709.008423,-49.739681,-923.915527,1709.565552,-48.91785,-859.683899,1708.894287,-34.209789,-901.066162,1666.985229,-75.369438,-867.122253,1658.330811,-81.305145,-921.60907,1668.412231
392,0,-104.309128,-926.404419,1677.892822,-50.279011,-959.558594,1673.332275,-52.006741,-896.234436,1687.931152,-32.706799,-927.219238,1638.162598,-75.292725,-891.701477,1634.946411,-79.627747,-947.541321,1632.260376
393,0,-105.699326,-962.649841,1644.624756,-50.664181,-993.623108,1635.497925,-54.953648,-935.026001,1664.241089,-32.357574,-952.498291,1610.099487,-75.710236,-917.957642,1612.458252,-77.959587,-971.791077,1596.817993
394,0,-106.721756,-997.777222,1609.525879,-50.639709,-1024.296021,1596.420044,-58.009899,-974.77533,1638.067749,-31.740479,-978.735596,1582.31958,-76.644714,-946.387085,1590.429077,-76.048584,-995.578796,1562.314331
395,0,-106.382492,-1024.074707,1583.827881,-51.143085,-1050.88916,1557.501099,-56.519512,-1012.232056,1609.519897,-31.918186,-1007.073669,1552.942749,-75.621056,-975.466675,1567.682739,-75.89212,-1018.748901,1530.910645
396,0,-93.431557,-1038.892456,1575.745728,-61.701088,-1079.281738,1537.135864,-38.24683,-1037.490356,1583.985596,-34.175419,-1040.872925,1520.206543,-56.423428,-997.155518,1548.23584,-75.826088,-1037.915771,1517.459229
397,0,-83.436729,-1045.91687,1561.758667,-61.555435,-1096.203125,1527.383057,-30.46077,-1058.780273,1574.078979,-24.108479,-1066.646851,1510.622314,,,,-70.189468,-1051.810669,1505.9823
398,0,-80.924271,-1055.876343,1543.551147,-28.61442,-1140.34668,1535.48938,-32.165688,-1074.111694,1563.49231,,,,-29.006161,-1038.268433,1522.076294,-57.066273,-1056.617798,1485.419312
399,0,-84.545944,-1062.057129,1525.2146,-52.414497,-1133.784668,1516.682007,-38.044823,-1084.865723,1557.184204,-14.768018,-1076.67041,1484.642456,,,,-57.975101,-1075.486572,1479.038818
400,0,-83.355629,-1074.54895,1518.848511,-66.293892,-1136.106201,1507.695679,-37.813061,-1095.27356,1550.171265,-20.6292,-1119.581909,1495.222168,,,,-59.055637,-1091.606934,1474.607544
401,0,-79.910522,-1085.527832,1513.721802,-68.983452,-1151.354858,1501.438477,-38.739605,-1113.224487,1544.889893,-22.111135,-1136.682495,1489.780151,,,,-60.986259,-1107.686401,1468.766724
402,0,-84.626808,-1104.58667,1507.895752,-70.225845,-1166.968506,1493.165649,-39.739468,-1129.792236,1537.327026,-22.708315,-1153.146606,1482.466309,,,,-61.666569,-1123.484863,1461.052002
403,0,-80.521523,-1114.238281,1497.479248,-70.633568,-1181.770752,1484.262939,-40.419735,-1145.181763,1529.242798,-22.746187,-1168.61853,1474.381226,,,,-61.682926,-1138.727783,1452.570679
404,0,-80.033287,-1126.45813,1488.035034,-70.386833,-1195.669312,1476.019775,-40.661541,-1158.738525,1521.276489,-22.377934,-1182.630371,1466.703125,,,,-61.34581,-1152.953369,1444.436401
405,0,-79.042557,-1136.955688,1478.754395,-70.151802,-1208.700928,1469.716553,-40.14233,-1170.679565,1513.811279,-22.116161,-1195.666504,1459.903198,,,,-61.281391,-1166.347534,1437.373413
406,0,-80.907478,-1156.06311,1475.60437,-69.767784,-1221.395386,1464.52356,-39.44318,-1182.544067,1506.884766,-21.986294,-1208.236084,1453.667358,,,,-61.274944,-1179.433472,1431.203003
407,0,-80.932312,-1164.602295,1466.467651,-56.751183,-1223.746094,1453.092285,-38.818668,-1192.654785,1499.87915,-21.563683,-1220.25769,1447.89856,,,,-60.845211,-1192.509766,1425.697632
408,0,-81.015549,-1176.699951,1459.505737,-67.438919,-1246.648804,1456.721802,-37.932163,-1201.783203,1493.320068,-20.61537,-1231.918701,1443.203247,,,,,,
409,0,-86.76313,-1195.771484,1456.538452,-64.864693,-1258.618042,1454.369629,-36.687901,-1210.234741,1487.728394,-19.111357,-1243.012573,1439.945801,,,,,,
410,0,-86.04422,-1208.514771,1451.837402,-61.849419,-1269.81311,1452.542969,-35.387722,-1218.431274,1482.783447,-16.619568,-1252.301636,1436.251587,,,,-55.49575,-1238.934082,1411.200439
411,0,-84.586449,-1219.651611,1447.312622,,,,-33.477299,-1225.528076,1478.206543,-10.724909,-1241.22876,1420.177002,,,,-52.1828,-1248.959473,1408.764771
412,,,,,,,,,,,,,,,,,,,
413,,,,,,,,,,,,,,,,,,,
414,,,,,,,,,,,,,,,,,,,
415,,,,,,,,,,,,,,,,,,,
416,,,,,,,,,,,,,,,,,,,
417,,,,,,,,,,,,,,,,,,,
418,,,,,,,,,,,,,,,,,,,
419,,,,,,,,,,,,,,,,,,,
420,,,,,,,,,,,,,,,,,,,
421,,,,,,,,,,,,,,,,,,,
422,,,,,,,,,,,,,,,,,,,
423,,,,,,,,,,,,,,,,,,,
424,,,,,,,,,,,,,,,,,,,
425,,,,,,,,,,,,,,,,,,,
426,,,,,,,,,,,,,,,,,,,
427,,,,,,,,,,,,,,,,,,,
428,,,,,,,,,,,,,,,,,,,
429,,,,,,,,,,,,,,,,,,,
430,,,,,,,,,,,,,,,,,,,
431,,,,,,,,,,,,,,,,,,,
432,,,,,,,,,,,,,,,,,,,
433,,,,,,,,,,,,,,,,,,,
434,,,,,,,,,,,,,,,,,,,
435,,,,,,,,,,,,,,,,,,,
436,,,,,,,,,,,,,,,,,,,
437,,,,,,,,,,,,,,,,,,,
438,,,,,,,,,,,,,,,,,,,
439,,,,,,,,,,,,,,,,,,,
440,,,,,,,,,,,,,,,,,,,
441,,,,,,,,,,,,,,,,,,,
442,,,,,,,,,,,,,,,,,,,
443,,,,,,,,,,,,,,,,,,,
444,,,,,,,,,,,,,,,,,,,
445,,,,,,,,,,,,,,,,,,,
446,,,,,,,,,,,,,,,,,,,
447,,,,,,,,,,,,,,,,,,,
448,,,,,,,,,,,,,,,,,,,
449,,,,,,,,,,,,,,,,,,,
450,,,,,,,,,,,,,,,,,,,
451,,,,,,,,,,,,,,,,,,,
452,,,,,,,,,,,,,,,,,,,
453,,,,,,,,,,,,,,,,,,,
454,,,,,,,,,,,,,,,,,,,
455,,,,,,,,,,,,,,,,,,,
456,,,,,,,,,,,,,,,,,,,
457,,,,,,,,,,,,,,,,,,,
458,,,,,,,,,,,,,,,,,,,
459,,,,,,,,,,,,,,,,,,,
460,,,,,,,,,,,,,,,,,,,
461,,,,,,,,,,,,,,,,,,,
462,,,,,,,,,,,,,,,,,,,
463,,,,,,,,,,,,,,,,,,,
464,,,,,,,,,,,,,,,,,,,
465,,,,,,,,,,,,,,,,,,,
466,,,,,,,,,,,,,,,,,,,
467,,,,,,,,,,,,,,,,,,,
468,,,,,,,,,,,,,,,,,,,
469,,,,,,,,,,,,,,,,,,,
470,,,,,,,,,,,,,,,,,,,
471,,,,,,,,,,,,,,,,,,,
472,,,,,,,,,,,,,,,,,,,
473,,,,,,,,,,,,,,,,,,,
474,,,,,,,,,,,,,,,,,,,
475,,,,,,,,,,,,,,,,,,,
476,,,,,,,,,,,,,,,,,,,
477,,,,,,,,,,,,,,,,,,,
478,,,,,,,,,,,,,,,,,,,
479,,,,,,,,,,,,,,,,,,,
480,,,,,,,,,,,,,,,,,,,
481,,,,,,,,,,,,,,,,,,,
482,,,,,,,,,,,,,,,,,,,
483,,,,,,,,,,,,,,,,,,,
484,,,,,,,,,,,,,,,,,,,
485,,,,,,,,,,,,,,,,,,,
486,,,,,,,,,,,,,,,,,,,
487,,,,,,,,,,,,,,,,,,,
488,0,-1380.357544,703.930664,132.478226,-1417.897461,670.847046,82.882301,-1473.930298,664.344604,49.656261,-1444.71582,666.381104,66.63121,-1463.403076,664.072571,55.462315,-1411.639282,671.197083,86.006859
489,,,,,,,,,,,,,,,,,,,
490,,,,,,,,,,,,,,,,,,,
491,,,,,,,,,,,,,,,,,,,
492,,,,,,,,,,,,,,,,,,,
493,,,,,,,,,,,,,,,,,,,
494,,,,,,,,,,,,,,,,,,,
495,,,,,,,,,,,,,,,,,,,
496,,,,,,,,,,,,,,,,,,,
497,,,,,,,,,,,,,,,,,,,
498,,,,,,,,,,,,,,,,,,,
499,,,,,,,,,,,,,,,,,,,
500,,,,,,,,,,,,,,,,,,,
501,,,,,,,,,,,,,,,,,,,
502,,,,,,,,,,,,,,,,,,,
503,,,,,,,,,,,,,,,,,,,
504,,,,,,,,,,,,,,,,,,,
505,,,,,,,,,,,,,,,,,,,
506,,,,,,,,,,,,,,,,,,,
507,,,,,,,,,,,,,,,,,,,
508,,,,,,,,,,,,,,,,,,,
509,,,,,,,,,,,,,,,,,,,
510,,,,,,,,,,,,,,,,,,,
511,,,,,,,,,,,,,,,,,,,
512,,,,,,,,,,,,,,,,,,,
513,,,,,,,,,,,,,,,,,,,
514,,,,,,,,,,,,,,,,,,,
515,,,,,,,,,,,,,,,,,,,
516,,,,,,,,,,,,,,,,,,,
517,,,,,,,,,,,,,,,,,,,
518,,,,,,,,,,,,,,,,,,,
519,,,,,,,,,,,,,,,,,,,
520,,,,,,,,,,,,,,,,,,,
521,,,,,,,,,,,,,,,,,,,
522,,,,,,,,,,,,,,,,,,,
523,,,,,,,,,,,,,,,,,,,
524,,,,,,,,,,,,,,,,,,,
525,,,,,,,,,,,,,,,,,,,
526,,,,,,,,,,,,,,,,,,,
527,,,,,,,,,,,,,,,,,,,
528,,,,,,,,,,,,,,,,,,,
529,,,,,,,,,,,,,,,,,,,
530,,,,,,,,,,,,,,,,,,,
531,,,,,,,,,,,,,,,,,,,
532,,,,,,,,,,,,,,,,,,,
533,,,,,,,,,,,,,,,,,,,
534,,,,,,,,,,,,,,,,,,,
535,,,,,,,,,,,,,,,,,,,
536,,,,,,,,,,,,,,,,,,,
537,,,,,,,,,,,,,,,,,,,
538,,,,,,,,,,,,,,,,,,,
539,,,,,,,,,,,,,,,,,,,
540,,,,,,,,,,,,,,,,,,,
541,,,,,,,,,,,,,,,,,,,
542,,,,,,,,,,,,,,,,,,,
543,,,,,,,,,,,,,,,,,,,
544,,,,,,,,,,,,,,,,,,,
545,,,,,,,,,,,,,,,,,,,
546,,,,,,,,,,,,,,,,,,,
547,,,,,,,,,,,,,,,,,,,
548,,,,,,,,,,,,,,,,,,,
549,,,,,,,,,,,,,,,,,,,
550,,,,,,,,,,,,,,,,,,,
551,,,,,,,,,,,,,,,,,,,
552,,,,,,,,,,,,,,,,,,,
553,,,,,,,,,,,,,,,,,,,
554,,,,,,,,,,,,,,,,,,,
555,,,,,,,,,,,,,,,,,,,
556,,,,,,,,,,,,,,,,,,,
557,,,,,,,,,,,,,,,,,,,
558,,,,,,,,,,,,,,,,,,,
559,,,,,,,,,,,,,,,,,,,
560,,,,,,,,,,,,,,,,,,,
561,,,,,,,,,,,,,,,,,,,
562,,,,,,,,,,,,,,,,,,,
563,,,,,,,,,,,,,,,,,,,
564,,,,,,,,,,,,,,,,,,,
565,,,,,,,,,,,,,,,,,,,
566,,,,,,,,,,,,,,,,,,,
567,,,,,,,,,,,,,,,,,,,
568,,,,,,,,,,,,,,,,,,,
569,,,,,,,,,,,,,,,,,,,
570,,,,,,,,,,,,,,,,,,,
571,,,,,,,,,,,,,,,,,,,
572,,,,,,,,,,,,,,,,,,,
573,,,,,,,,,,,,,,,,,,,
574,,,,,,,,,,,,,,,,,,,
575,,,,,,,,,,,,,,,,,,,
576,,,,,,,,,,,,,,,,,,,
577,,,,,,,,,,,,,,,,,,,
578,,,,,,,,,,,,,,,,,,,
579,,,,,,,,,,,,,,,,,,,
580,,,,,,,,,,,,,,,,,,,
581,,,,,,,,,,,,,,,,,,,
582,,,,,,,,,,,,,,,,,,,
583,,,,,,,,,,,,,,,,,,,
584,,,,,,,,,,,,,,,,,,,
585,,,,,,,,,,,,,,,,,,,
586,,,,,,,,,,,,,,,,,,,
587,,,,,,,,,,,,,,,,,,,
588,,,,,,,,,,,,,,,,,,,
589,,,,,,,,,,,,,,,,,,,
590,,,,,,,,,,,,,,,,,,,
591,,,,,,,,,,,,,,,,,,,
592,,,,,,,,,,,,,,,,,,,
593,,,,,,,,,,,,,,,,,,,
594,,,,,,,,,,,,,,,,,,,
595,,,,,,,,,,,,,,,,,,,
596,,,,,,,,,,,,,,,,,,,
597,,,,,,,,,,,,,,,,,,,
598,,,,,,,,,,,,,,,,,,,
599,,,,,,,,,,,,,,,,,,,
600,,,,,,,,,,,,,,,,,,,
601,,,,,,,,,,,,,,,,,,,
602,,,,,,,,,,,,,,,,,,,
603,,,,,,,,,,,,,,,,,,,
604,,,,,,,,,,,,,,,,,,,
605,,,,,,,,,,,,,,,,,,,
606,,,,,,,,,,,,,,,,,,,
607,,,,,,,,,,,,,,,,,,,
608,,,,,,,,,,,,,,,,,,,
609,,,,,,,,,,,,,,,,,,,
610,,,,,,,,,,,,,,,,,,,
611,,,,,,,,,,,,,,,,,,,
612,,,,,,,,,,,,,,,,,,,
613,,,,,,,,,,,,,,,,,,,
614,,,,,,,,,,,,,,,,,,,
615,,,,,,,,,,,,,,,,,,,
616,,,,,,,,,,,,,,,,,,,
617,,,,,,,,,,,,,,,,,,,
618,,,,,,,,,,,,,,,,,,,
619,,,,,,,,,,,,,,,,,,,
620,,,,,,,,,,,,,,,,,,,
621,0,-1397.271729,673.445618,94.069,-1463.404541,664.072815,55.463272,-1474.189209,664.457458,49.884071,-1444.738525,666.375977,66.626083,-1455.343384,666.347046,60.644405,-1405.322388,670.847656,88.812904
622,,,,,,,,,,,,,,,,,,,
623,,,,,,,,,,,,,,,,,,,
624,,,,,,,,,,,,,,,,,,,
625,,,,,,,,,,,,,,,,,,,
626,,,,,,,,,,,,,,,,,,,
627,,,,,,,,,,,,,,,,,,,
628,,,,,,,,,,,,,,,,,,,
629,,,,,,,,,,,,,,,,,,,
630,,,,,,,,,,,,,,,,,,,
631,,,,,,,,,,,,,,,,,,,
632,,,,,,,,,,,,,,,,,,,
633,,,,,,,,,,,,,,,,,,,
634,,,,,,,,,,,,,,,,,,,
635,,,,,,,,,,,,,,,,,,,
636,,,,,,,,,,,,,,,,,,,
637,,,,,,,,,,,,,,,,,,,
638,,,,,,,,,,,,,,,,,,,
639,,,,,,,,,,,,,,,,,,,
640,,,,,,,,,,,,,,,,,,,
641,,,,,,,,,,,,,,,,,,,
642,,,,,,,,,,,,,,,,,,,
643,,,,,,,,,,,,,,,,,,,
644,,,,,,,,,,,,,,,,,,,
645,,,,,,,,,,,,,,,,,,,
646,,,,,,,,,,,,,,,,,,,
647,,,,,,,,,,,,,,,,,,,
648,,,,,,,,,,,,,,,,,,,
649,,,,,,,,,,,,,,,,,,,
650,,,,,,,,,,,,,,,,,,,
651,,,,,,,,,,,,,,,,,,,
652,,,,,,,,,,,,,,,,,,,
653,,,,,,,,,,,,,,,,,,,
654,,,,,,,,,,,,,,,,,,,
655,,,,,,,,,,,,,,,,,,,
656,,,,,,,,,,,,,,,,,,,
657,,,,,,,,,,,,,,,,,,,
